Cell,Subclass,Ensembl,Gene,Coefficient
BC,BC,ENSMUSG00000002985,Apoe,1.4452112025816963
BC,BC,ENSMUSG00000052305,Hbb-bs,1.0144353480340333
BC,BC,ENSMUSG00000026473,Glul,0.9639422758547526
BC,BC,ENSMUSG00000069919,Hba-a1,0.9304625813178737
BC,BC,ENSMUSG00000027447,Cst3,0.8982721916670489
BC,BC,ENSMUSG00000069917,Hba-a2,0.8908085902918289
BC,BC,ENSMUSG00000073940,Hbb-bt,0.7969436442158409
BC,BC,ENSMUSG00000049775,Tmsb4x,0.6239574613126282
BC,BC,ENSMUSG00000029838,Ptn,0.501376845254525
BC,BC,ENSMUSG00000050708,Ftl1,0.494559436566769
BC,BC,ENSMUSG00000018593,Sparc,0.4536443478179256
BC,BC,ENSMUSG00000032532,Cck,0.4513085732634496
BC,BC,ENSMUSG00000015090,Ptgds,0.44547404228656906
BC,BC,ENSMUSG00000005233,Spc25,0.4416394467073295
BC,BC,ENSMUSG00000052387,Trpm3,0.4341842168794366
BC,BC,ENSMUSG00000056296,Synpr,0.42556933860909485
BC,BC,ENSMUSG00000039194,Rlbp1,0.41348345325178415
BC,BC,ENSMUSG00000060802,B2m,0.40729514974695796
BC,BC,ENSMUSG00000005360,Slc1a3,0.40273902928269595
BC,BC,ENSMUSG00000026701,Prdx6,0.4004969820840844
BC,BC,ENSMUSG00000064341,mt-Nd1,-0.6280399898382474
BC,BC,ENSMUSG00000004630,Pcp2,-0.5831831595012822
BC,BC,ENSMUSG00000022311,Csmd3,-0.5137044671650784
BC,BC,ENSMUSG00000030428,Ttyh1,-0.46446495255062575
BC,BC,ENSMUSG00000090137,Uba52,-0.44342182448528655
BC,BC,ENSMUSG00000022935,Grik1,-0.43718740212483675
BC,BC,ENSMUSG00000034701,Neurod1,-0.43326359294962996
BC,BC,ENSMUSG00000005649,Cabp5,-0.42983466350500926
BC,BC,ENSMUSG00000022876,Samsn1,-0.42552673430631244
BC,BC,ENSMUSG00000010803,Gabra1,-0.42256537585896725
BC,BC,ENSMUSG00000103428,Gm20754,-0.41327708962977777
BC,BC,ENSMUSG00000029108,Pcdh7,-0.413071917755673
BC,BC,ENSMUSG00000090223,Pcp4,-0.398162399689806
BC,BC,ENSMUSG00000092094,Zfp804b,-0.38783591991965854
BC,BC,ENSMUSG00000019943,Atp2b1,-0.38705751444588704
BC,BC,ENSMUSG00000029088,Kcnip4,-0.3863011964845289
BC,BC,ENSMUSG00000052551,Adarb2,-0.37747394759467184
BC,BC,ENSMUSG00000024063,Lbh,-0.3703804188890769
BC,BC,ENSMUSG00000048015,Neurod4,-0.3667573396609552
BC,BC,ENSMUSG00000086020,Gm12239,-0.36491062203536845
BC,BC1A,ENSMUSG00000035566,Pcdh17,1.0729495584466309
BC,BC1A,ENSMUSG00000031558,Slit2,0.6352715574951849
BC,BC1A,ENSMUSG00000057132,Rpgrip1,0.47406981605422543
BC,BC1A,ENSMUSG00000075330,A930003A15Rik,0.4241668890710498
BC,BC1A,ENSMUSG00000021743,Fezf2,0.39053519808232706
BC,BC1A,ENSMUSG00000026109,Tmeff2,0.35367038003507273
BC,BC1A,ENSMUSG00000010803,Gabra1,0.3491263885889624
BC,BC1A,ENSMUSG00000022836,Mylk,0.34706220858672293
BC,BC1A,ENSMUSG00000054920,Klhl5,0.32712371120610817
BC,BC1A,ENSMUSG00000029212,Gabrb1,0.31854680955092096
BC,BC1A,ENSMUSG00000028172,Tacr3,0.31719426433394204
BC,BC1A,ENSMUSG00000046743,Fat4,0.308893417975201
BC,BC1A,ENSMUSG00000038388,Pals2,0.2974281269079847
BC,BC1A,ENSMUSG00000096914,Galntl6,0.2529288173053902
BC,BC1A,ENSMUSG00000045493,Bhlhe23,0.251174359774309
BC,BC1A,ENSMUSG00000030428,Ttyh1,0.24310140811482595
BC,BC1A,ENSMUSG00000055865,Tafa3,0.2276430512862293
BC,BC1A,ENSMUSG00000059173,Pde1a,0.21305373534418973
BC,BC1A,ENSMUSG00000053931,Cnn3,0.21204236357210607
BC,BC1A,ENSMUSG00000033278,Ptprm,0.1981647674862288
BC,BC1A,ENSMUSG00000025739,Gng13,-0.5398831519572311
BC,BC1A,ENSMUSG00000046178,Nxph1,-0.5292260002574789
BC,BC1A,ENSMUSG00000022935,Grik1,-0.5032383245666976
BC,BC1A,ENSMUSG00000030206,Gsg1,-0.4689122963689194
BC,BC1A,ENSMUSG00000005649,Cabp5,-0.4391565634152803
BC,BC1A,ENSMUSG00000059857,Ntng1,-0.4245348747882355
BC,BC1A,ENSMUSG00000050711,Scg2,-0.42011670467244067
BC,BC1A,ENSMUSG00000004630,Pcp2,-0.38407845459378076
BC,BC1A,ENSMUSG00000036510,Cdh8,-0.3731103940196946
BC,BC1A,ENSMUSG00000092094,Zfp804b,-0.35194293955346734
BC,BC1A,ENSMUSG00000008575,Nfib,-0.3032771708261004
BC,BC1A,ENSMUSG00000023439,Gnb3,-0.2847434330522178
BC,BC1A,ENSMUSG00000024084,Qpct,-0.28227642455220275
BC,BC1A,ENSMUSG00000020326,Ccng1,-0.2801534474154047
BC,BC1A,ENSMUSG00000055421,Pcdh9,-0.27081850391873397
BC,BC1A,ENSMUSG00000025255,Zfhx4,-0.26819878616047554
BC,BC1A,ENSMUSG00000052551,Adarb2,-0.2634151083360442
BC,BC1A,ENSMUSG00000070337,Gpr179,-0.2541887484620473
BC,BC1A,ENSMUSG00000000617,Grm6,-0.24203079218123402
BC,BC1A,ENSMUSG00000067786,Nnat,-0.23164947381316053
BC,BC1B,ENSMUSG00000046178,Nxph1,1.0470727635059387
BC,BC1B,ENSMUSG00000028173,Wls,0.8521316283383754
BC,BC1B,ENSMUSG00000005649,Cabp5,0.8307131066212176
BC,BC1B,ENSMUSG00000035456,Prdm8,0.7202361364733322
BC,BC1B,ENSMUSG00000049100,Pcdh10,0.6522924514417994
BC,BC1B,ENSMUSG00000027562,Car2,0.5943657452930105
BC,BC1B,ENSMUSG00000022762,Ncam2,0.5926318420123896
BC,BC1B,ENSMUSG00000026934,Lhx3,0.5539058408745776
BC,BC1B,ENSMUSG00000020326,Ccng1,0.41829500593038016
BC,BC1B,ENSMUSG00000024084,Qpct,0.34144639094322443
BC,BC1B,ENSMUSG00000031245,Hmgn5,0.30909220136896887
BC,BC1B,ENSMUSG00000026193,Fn1,0.30696420511544376
BC,BC1B,ENSMUSG00000031530,Dusp4,0.30024707581580945
BC,BC1B,ENSMUSG00000022321,Cdh10,0.28732405004558775
BC,BC1B,ENSMUSG00000039706,Ldb2,0.27523857904214777
BC,BC1B,ENSMUSG00000025255,Zfhx4,0.2664355138478939
BC,BC1B,ENSMUSG00000035131,Brinp3,0.26194420107383076
BC,BC1B,ENSMUSG00000038128,Camk4,0.2510489671084525
BC,BC1B,ENSMUSG00000021239,Vsx2,0.24585007588272056
BC,BC1B,ENSMUSG00000103428,Gm20754,0.23833999087799296
BC,BC1B,ENSMUSG00000035566,Pcdh17,-0.7189644449183645
BC,BC1B,ENSMUSG00000057132,Rpgrip1,-0.6880766862692088
BC,BC1B,ENSMUSG00000025739,Gng13,-0.5811389289052175
BC,BC1B,ENSMUSG00000092094,Zfp804b,-0.5729380477939509
BC,BC1B,ENSMUSG00000090223,Pcp4,-0.5540541191785051
BC,BC1B,ENSMUSG00000030523,Trpm1,-0.49499938734792603
BC,BC1B,ENSMUSG00000021337,Scgn,-0.45468045181488764
BC,BC1B,ENSMUSG00000064341,mt-Nd1,-0.4456290266537247
BC,BC1B,ENSMUSG00000030206,Gsg1,-0.42048336702694367
BC,BC1B,ENSMUSG00000031558,Slit2,-0.3915030575216453
BC,BC1B,ENSMUSG00000026468,Lhx4,-0.38833949325924794
BC,BC1B,ENSMUSG00000075330,A930003A15Rik,-0.3744112428273771
BC,BC1B,ENSMUSG00000064179,Tnnt1,-0.37195598895101695
BC,BC1B,ENSMUSG00000062151,Unc13c,-0.362725602289773
BC,BC1B,ENSMUSG00000022935,Grik1,-0.34327547959336707
BC,BC1B,ENSMUSG00000030428,Ttyh1,-0.3261235574557807
BC,BC1B,ENSMUSG00000029663,Gngt1,-0.31362013329237287
BC,BC1B,ENSMUSG00000021743,Fezf2,-0.3031663185273647
BC,BC1B,ENSMUSG00000033080,Vsx1,-0.2794827005101625
BC,BC1B,ENSMUSG00000042258,Isl1,-0.27931061459505374
BC,BC2,ENSMUSG00000050321,Neto1,0.8243492126529268
BC,BC2,ENSMUSG00000057098,Ebf1,0.6136765098059176
BC,BC2,ENSMUSG00000036510,Cdh8,0.43530206355889794
BC,BC2,ENSMUSG00000027270,Lamp5,0.4308820004883007
BC,BC2,ENSMUSG00000046178,Nxph1,0.4288830654827642
BC,BC2,ENSMUSG00000096914,Galntl6,0.41573870348921965
BC,BC2,ENSMUSG00000038370,Pcp4l1,0.34688642547844856
BC,BC2,ENSMUSG00000064179,Tnnt1,0.3468819856896171
BC,BC2,ENSMUSG00000019888,Mgat4c,0.34329664765636464
BC,BC2,ENSMUSG00000045613,Chrm2,0.3276791762168536
BC,BC2,ENSMUSG00000025128,Bhlhe22,0.3275598580728242
BC,BC2,ENSMUSG00000020907,Rcvrn,0.3152496182825593
BC,BC2,ENSMUSG00000050711,Scg2,0.27914072864267536
BC,BC2,ENSMUSG00000045871,Slitrk6,0.2645783510325578
BC,BC2,ENSMUSG00000059173,Pde1a,0.2631005688025066
BC,BC2,ENSMUSG00000034813,Grip1,0.2621613243106887
BC,BC2,ENSMUSG00000028172,Tacr3,0.258795472052986
BC,BC2,ENSMUSG00000020326,Ccng1,0.2527547334316801
BC,BC2,ENSMUSG00000003279,Dlgap1,0.2519814957889279
BC,BC2,ENSMUSG00000025739,Gng13,0.2468088376924688
BC,BC2,ENSMUSG00000005649,Cabp5,-0.6730169961540317
BC,BC2,ENSMUSG00000079523,Tmsb10,-0.412659764287005
BC,BC2,ENSMUSG00000103428,Gm20754,-0.3549566268705002
BC,BC2,ENSMUSG00000004630,Pcp2,-0.342365959146501
BC,BC2,ENSMUSG00000042258,Isl1,-0.33766438749260447
BC,BC2,ENSMUSG00000023439,Gnb3,-0.33504618705065403
BC,BC2,ENSMUSG00000027562,Car2,-0.3338574628130544
BC,BC2,ENSMUSG00000055865,Tafa3,-0.3119944924922906
BC,BC2,ENSMUSG00000057132,Rpgrip1,-0.29160344565559293
BC,BC2,ENSMUSG00000035566,Pcdh17,-0.28983374509846555
BC,BC2,ENSMUSG00000053420,Gm4792,-0.28658185444180106
BC,BC2,ENSMUSG00000019943,Atp2b1,-0.28213807770658206
BC,BC2,ENSMUSG00000038811,Gngt2,-0.2739188357664387
BC,BC2,ENSMUSG00000000617,Grm6,-0.2483690833152839
BC,BC2,ENSMUSG00000021743,Fezf2,-0.2472479511723718
BC,BC2,ENSMUSG00000021098,4930447C04Rik,-0.2463617871532378
BC,BC2,ENSMUSG00000062209,Erbb4,-0.2462577136342885
BC,BC2,ENSMUSG00000032532,Cck,-0.24621172769839916
BC,BC2,ENSMUSG00000022876,Samsn1,-0.24247856864157763
BC,BC2,ENSMUSG00000039706,Ldb2,-0.23654219423399095
BC,BC3A,ENSMUSG00000062209,Erbb4,1.355624072927345
BC,BC3A,ENSMUSG00000031558,Slit2,1.0868166373741794
BC,BC3A,ENSMUSG00000059742,Kcnh7,0.9830982022138407
BC,BC3A,ENSMUSG00000059857,Ntng1,0.8973496334923374
BC,BC3A,ENSMUSG00000049252,Lrp1b,0.8822873305857397
BC,BC3A,ENSMUSG00000025255,Zfhx4,0.8350035695684509
BC,BC3A,ENSMUSG00000003038,Hmgn2,0.812252000358621
BC,BC3A,ENSMUSG00000030206,Gsg1,0.7739895733138099
BC,BC3A,ENSMUSG00000054206,Gzmm,0.7277183225224758
BC,BC3A,ENSMUSG00000027827,Kcnab1,0.7223422454765204
BC,BC3A,ENSMUSG00000022309,Angpt1,0.681416717166328
BC,BC3A,ENSMUSG00000064179,Tnnt1,0.6637804661373465
BC,BC3A,ENSMUSG00000024084,Qpct,0.6589353420531026
BC,BC3A,ENSMUSG00000001946,Esam,0.6425069467710257
BC,BC3A,ENSMUSG00000070695,Cntnap5a,0.6341605882894474
BC,BC3A,ENSMUSG00000097974,Gm10605,0.6246540580532058
BC,BC3A,ENSMUSG00000103428,Gm20754,0.6243160509302674
BC,BC3A,ENSMUSG00000022935,Grik1,0.6193951645349621
BC,BC3A,ENSMUSG00000036510,Cdh8,0.6107890265480651
BC,BC3A,ENSMUSG00000005649,Cabp5,0.589300618502181
BC,BC3A,ENSMUSG00000092094,Zfp804b,-1.5185981059615954
BC,BC3A,ENSMUSG00000064341,mt-Nd1,-1.3285329244329913
BC,BC3A,ENSMUSG00000046178,Nxph1,-1.2099388650611054
BC,BC3A,ENSMUSG00000025739,Gng13,-1.1902824351965868
BC,BC3A,ENSMUSG00000052305,Hbb-bs,-1.1656188965398744
BC,BC3A,ENSMUSG00000069919,Hba-a1,-1.0304658874193862
BC,BC3A,ENSMUSG00000069917,Hba-a2,-0.9900046696625922
BC,BC3A,ENSMUSG00000090223,Pcp4,-0.9404950735966446
BC,BC3A,ENSMUSG00000096914,Galntl6,-0.8231692009708271
BC,BC3A,ENSMUSG00000026109,Tmeff2,-0.8025123066437129
BC,BC3A,ENSMUSG00000022762,Ncam2,-0.7551585111685153
BC,BC3A,ENSMUSG00000020704,Asic2,-0.7373996141116026
BC,BC3A,ENSMUSG00000035456,Prdm8,-0.730047667697996
BC,BC3A,ENSMUSG00000033849,B3galt2,-0.7009236972544715
BC,BC3A,ENSMUSG00000055421,Pcdh9,-0.6976312024526752
BC,BC3A,ENSMUSG00000073940,Hbb-bt,-0.6799752874205696
BC,BC3A,ENSMUSG00000028173,Wls,-0.6734872951069723
BC,BC3A,ENSMUSG00000063873,Slc24a3,-0.6277052601411549
BC,BC3A,ENSMUSG00000034813,Grip1,-0.6184736755241385
BC,BC3A,ENSMUSG00000028172,Tacr3,-0.6156244161618519
BC,BC3B,ENSMUSG00000022935,Grik1,1.019631403932179
BC,BC3B,ENSMUSG00000067786,Nnat,0.9739520478992703
BC,BC3B,ENSMUSG00000056494,Cngb3,0.7253977266822936
BC,BC3B,ENSMUSG00000038811,Gngt2,0.6787328034136382
BC,BC3B,ENSMUSG00000027416,Otor,0.5892083640632095
BC,BC3B,ENSMUSG00000032036,Kirrel3,0.540086433208431
BC,BC3B,ENSMUSG00000045871,Slitrk6,0.538711519425469
BC,BC3B,ENSMUSG00000039539,Sgcz,0.44294385714604584
BC,BC3B,ENSMUSG00000016918,Sulf1,0.43415989591833837
BC,BC3B,ENSMUSG00000005649,Cabp5,0.42762211981291104
BC,BC3B,ENSMUSG00000029088,Kcnip4,0.42674653026700954
BC,BC3B,ENSMUSG00000109803,Gm45604,0.399338235003091
BC,BC3B,ENSMUSG00000009108,Gnat2,0.39418572669412105
BC,BC3B,ENSMUSG00000027210,Meis2,0.39111955366184786
BC,BC3B,ENSMUSG00000020102,Slc16a7,0.37171364592560496
BC,BC3B,ENSMUSG00000092210,A930009A15Rik,0.34934516167995777
BC,BC3B,ENSMUSG00000029663,Gngt1,0.3475646984136589
BC,BC3B,ENSMUSG00000031561,Tenm3,0.3472629560620056
BC,BC3B,ENSMUSG00000030206,Gsg1,0.31991856720629663
BC,BC3B,ENSMUSG00000066113,Adamtsl1,0.31969955144996015
BC,BC3B,ENSMUSG00000031558,Slit2,-0.8224776424207338
BC,BC3B,ENSMUSG00000050711,Scg2,-0.6577995458188483
BC,BC3B,ENSMUSG00000021337,Scgn,-0.6563546656196652
BC,BC3B,ENSMUSG00000022311,Csmd3,-0.6422533201966265
BC,BC3B,ENSMUSG00000062209,Erbb4,-0.6400404927991087
BC,BC3B,ENSMUSG00000052305,Hbb-bs,-0.5550032221019388
BC,BC3B,ENSMUSG00000040896,Kcnd3,-0.5517048483570918
BC,BC3B,ENSMUSG00000040420,Cdh18,-0.530217605278937
BC,BC3B,ENSMUSG00000027966,Col11a1,-0.5074251844470771
BC,BC3B,ENSMUSG00000019943,Atp2b1,-0.5042468578853772
BC,BC3B,ENSMUSG00000004630,Pcp2,-0.5013346612147679
BC,BC3B,ENSMUSG00000069919,Hba-a1,-0.49809926949566985
BC,BC3B,ENSMUSG00000069917,Hba-a2,-0.4782452705788901
BC,BC3B,ENSMUSG00000010803,Gabra1,-0.47488021832063265
BC,BC3B,ENSMUSG00000033278,Ptprm,-0.4527280803944157
BC,BC3B,ENSMUSG00000040452,Cdh12,-0.432172282515585
BC,BC3B,ENSMUSG00000027350,Chgb,-0.424170688596636
BC,BC3B,ENSMUSG00000074505,Fat3,-0.42258067740123584
BC,BC3B,ENSMUSG00000026748,Plxdc2,-0.42205328922204755
BC,BC3B,ENSMUSG00000054934,Kcnmb4,-0.4186098276501228
BC,BC4,ENSMUSG00000040896,Kcnd3,0.5388850580969518
BC,BC4,ENSMUSG00000027966,Col11a1,0.49431673130808307
BC,BC4,ENSMUSG00000021337,Scgn,0.4746947031159058
BC,BC4,ENSMUSG00000057132,Rpgrip1,0.4228261180494894
BC,BC4,ENSMUSG00000022935,Grik1,0.35600477398333497
BC,BC4,ENSMUSG00000075330,A930003A15Rik,0.3232730404006028
BC,BC4,ENSMUSG00000085139,A730046J19Rik,0.28634723568639364
BC,BC4,ENSMUSG00000040258,Nxph4,0.28002900916548784
BC,BC4,ENSMUSG00000051401,Kctd16,0.2769128359613275
BC,BC4,ENSMUSG00000008575,Nfib,0.271504187788664
BC,BC4,ENSMUSG00000040452,Cdh12,0.26532959580444365
BC,BC4,ENSMUSG00000033278,Ptprm,0.26387432920278125
BC,BC4,ENSMUSG00000055865,Tafa3,0.261481805138727
BC,BC4,ENSMUSG00000074991,Gabrr3,0.2612173765296179
BC,BC4,ENSMUSG00000034796,Cpne7,0.25650816704441576
BC,BC4,ENSMUSG00000031906,Smpd3,0.2555126325124917
BC,BC4,ENSMUSG00000026748,Plxdc2,0.23233721828699883
BC,BC4,ENSMUSG00000090223,Pcp4,0.22015910053070115
BC,BC4,ENSMUSG00000041741,Pde3a,0.2090831194918307
BC,BC4,ENSMUSG00000040118,Cacna2d1,0.19958145623850562
BC,BC4,ENSMUSG00000005649,Cabp5,-0.7196687352635334
BC,BC4,ENSMUSG00000032036,Kirrel3,-0.6821495076463655
BC,BC4,ENSMUSG00000027562,Car2,-0.6376244056600984
BC,BC4,ENSMUSG00000029663,Gngt1,-0.5749658869198712
BC,BC4,ENSMUSG00000027210,Meis2,-0.5454328585207788
BC,BC4,ENSMUSG00000031558,Slit2,-0.5266483554665843
BC,BC4,ENSMUSG00000053420,Gm4792,-0.5080205468139686
BC,BC4,ENSMUSG00000056494,Cngb3,-0.4914303681501554
BC,BC4,ENSMUSG00000030428,Ttyh1,-0.4549839355835216
BC,BC4,ENSMUSG00000067786,Nnat,-0.44457526690560056
BC,BC4,ENSMUSG00000030523,Trpm1,-0.4378980753697932
BC,BC4,ENSMUSG00000023267,Gabrr2,-0.436245521626613
BC,BC4,ENSMUSG00000038811,Gngt2,-0.40851634005557386
BC,BC4,ENSMUSG00000025739,Gng13,-0.4008036345583251
BC,BC4,ENSMUSG00000050711,Scg2,-0.33687348819089813
BC,BC4,ENSMUSG00000016918,Sulf1,-0.31214896372967693
BC,BC4,ENSMUSG00000064341,mt-Nd1,-0.31034023277291656
BC,BC4,ENSMUSG00000054640,Slc8a1,-0.3069177995449254
BC,BC4,ENSMUSG00000063873,Slc24a3,-0.2970429940707009
BC,BC4,ENSMUSG00000022876,Samsn1,-0.2807140889975565
BC,BC5A,ENSMUSG00000051910,Sox6,1.370374124809394
BC,BC5A,ENSMUSG00000039488,Cntn5,0.9339715151489668
BC,BC5A,ENSMUSG00000028785,Hpca,0.7895281802932852
BC,BC5A,ENSMUSG00000005649,Cabp5,0.7697806455319444
BC,BC5A,ENSMUSG00000078591,Hs3st4,0.7179359057821949
BC,BC5A,ENSMUSG00000086662,BC046251,0.717449585523593
BC,BC5A,ENSMUSG00000054640,Slc8a1,0.7109501181004535
BC,BC5A,ENSMUSG00000000617,Grm6,0.64091441206545
BC,BC5A,ENSMUSG00000053141,Ptprt,0.6228922396633343
BC,BC5A,ENSMUSG00000026989,Dapl1,0.5413273251479133
BC,BC5A,ENSMUSG00000038418,Egr1,0.5296766777014535
BC,BC5A,ENSMUSG00000059203,Il1rapl2,0.5152297408151152
BC,BC5A,ENSMUSG00000004630,Pcp2,0.474664578762776
BC,BC5A,ENSMUSG00000051228,Nyx,0.46846001108764146
BC,BC5A,ENSMUSG00000023267,Gabrr2,0.46709789195913864
BC,BC5A,ENSMUSG00000029088,Kcnip4,0.4594374689500863
BC,BC5A,ENSMUSG00000037996,Slc24a2,0.4344330474723715
BC,BC5A,ENSMUSG00000026468,Lhx4,0.43410027392580214
BC,BC5A,ENSMUSG00000073805,Insyn2a,0.4267086384221042
BC,BC5A,ENSMUSG00000023913,Pla2g7,0.4061507112935747
BC,BC5A,ENSMUSG00000032036,Kirrel3,-1.351543178477793
BC,BC5A,ENSMUSG00000030206,Gsg1,-1.0525938550555964
BC,BC5A,ENSMUSG00000041014,Nrg3,-0.9361070784383552
BC,BC5A,ENSMUSG00000033080,Vsx1,-0.8137402711521518
BC,BC5A,ENSMUSG00000052551,Adarb2,-0.8036169675523954
BC,BC5A,ENSMUSG00000060780,Lrrtm1,-0.7957696814291259
BC,BC5A,ENSMUSG00000050711,Scg2,-0.7134298482737242
BC,BC5A,ENSMUSG00000002985,Apoe,-0.6521560643387423
BC,BC5A,ENSMUSG00000046159,Chrm3,-0.6463295971988399
BC,BC5A,ENSMUSG00000062151,Unc13c,-0.6384889404254543
BC,BC5A,ENSMUSG00000040420,Cdh18,-0.631151448347246
BC,BC5A,ENSMUSG00000074991,Gabrr3,-0.6037760899192469
BC,BC5A,ENSMUSG00000024084,Qpct,-0.5919303917114316
BC,BC5A,ENSMUSG00000024857,Cabp2,-0.5818558732395107
BC,BC5A,ENSMUSG00000052305,Hbb-bs,-0.5469633538023879
BC,BC5A,ENSMUSG00000051985,Igfn1,-0.527162870804082
BC,BC5A,ENSMUSG00000069919,Hba-a1,-0.5175538467548126
BC,BC5A,ENSMUSG00000103428,Gm20754,-0.4988963207466569
BC,BC5A,ENSMUSG00000069917,Hba-a2,-0.4792674752883817
BC,BC5A,ENSMUSG00000015090,Ptgds,-0.47857852788776223
BC,BC5B,ENSMUSG00000045613,Chrm2,0.863054481766293
BC,BC5B,ENSMUSG00000035131,Brinp3,0.8492436306383174
BC,BC5B,ENSMUSG00000023978,Prph2,0.8317879400294124
BC,BC5B,ENSMUSG00000029663,Gngt1,0.7984263806652658
BC,BC5B,ENSMUSG00000049001,Ndnf,0.6698287803414815
BC,BC5B,ENSMUSG00000090061,Nwd2,0.6529150281022448
BC,BC5B,ENSMUSG00000021779,Thrb,0.6390259030505271
BC,BC5B,ENSMUSG00000067786,Nnat,0.6036111689963392
BC,BC5B,ENSMUSG00000026610,Esrrg,0.5908006461740863
BC,BC5B,ENSMUSG00000019978,Epb41l2,0.5706860479592603
BC,BC5B,ENSMUSG00000117351,Gm31615,0.5264158764224462
BC,BC5B,ENSMUSG00000019873,Reep3,0.5230803295867383
BC,BC5B,ENSMUSG00000035566,Pcdh17,0.4986582404973452
BC,BC5B,ENSMUSG00000027562,Car2,0.48220935341085014
BC,BC5B,ENSMUSG00000056494,Cngb3,0.48174522731815755
BC,BC5B,ENSMUSG00000052551,Adarb2,0.4796055591569141
BC,BC5B,ENSMUSG00000029913,Prdm5,0.4769371854214556
BC,BC5B,ENSMUSG00000052504,Epha3,0.4725367536936955
BC,BC5B,ENSMUSG00000031109,Enox2,0.4721749871464106
BC,BC5B,ENSMUSG00000026163,Sphkap,0.4577421153837713
BC,BC5B,ENSMUSG00000092083,Kcnb2,-1.6055278837978217
BC,BC5B,ENSMUSG00000032036,Kirrel3,-1.191588657162924
BC,BC5B,ENSMUSG00000090223,Pcp4,-1.1183106766532018
BC,BC5B,ENSMUSG00000030523,Trpm1,-0.9870497700150777
BC,BC5B,ENSMUSG00000029088,Kcnip4,-0.9825478525410423
BC,BC5B,ENSMUSG00000024857,Cabp2,-0.8706056500067426
BC,BC5B,ENSMUSG00000031558,Slit2,-0.8269389288334621
BC,BC5B,ENSMUSG00000052305,Hbb-bs,-0.7973159774245699
BC,BC5B,ENSMUSG00000027210,Meis2,-0.7860218548740499
BC,BC5B,ENSMUSG00000019943,Atp2b1,-0.7842814065347193
BC,BC5B,ENSMUSG00000069919,Hba-a1,-0.6721956312787845
BC,BC5B,ENSMUSG00000049336,Tenm2,-0.6484890366600163
BC,BC5B,ENSMUSG00000069917,Hba-a2,-0.6215949086896088
BC,BC5B,ENSMUSG00000036800,Fam135b,-0.6183161753010766
BC,BC5B,ENSMUSG00000054640,Slc8a1,-0.6154619430333005
BC,BC5B,ENSMUSG00000053420,Gm4792,-0.6070271431489618
BC,BC5B,ENSMUSG00000039037,St6galnac5,-0.6046180768986642
BC,BC5B,ENSMUSG00000073940,Hbb-bt,-0.5928840149471658
BC,BC5B,ENSMUSG00000037940,Inpp4b,-0.5868720256831489
BC,BC5B,ENSMUSG00000059857,Ntng1,-0.5865851432533751
BC,BC5C,ENSMUSG00000024857,Cabp2,0.559898060940494
BC,BC5C,ENSMUSG00000049336,Tenm2,0.5289769785905892
BC,BC5C,ENSMUSG00000060924,Csmd1,0.4981817327822556
BC,BC5C,ENSMUSG00000090223,Pcp4,0.49739778448834876
BC,BC5C,ENSMUSG00000004630,Pcp2,0.48201474668462513
BC,BC5C,ENSMUSG00000074991,Gabrr3,0.45814172419748106
BC,BC5C,ENSMUSG00000017493,Igfbp4,0.44335246386700927
BC,BC5C,ENSMUSG00000029378,Areg,0.4349716104570107
BC,BC5C,ENSMUSG00000092083,Kcnb2,0.42206512598631496
BC,BC5C,ENSMUSG00000045648,Vwc2l,0.4099015367357666
BC,BC5C,ENSMUSG00000008932,Slc1a7,0.3971103099987622
BC,BC5C,ENSMUSG00000029088,Kcnip4,0.38471225803360665
BC,BC5C,ENSMUSG00000039488,Cntn5,0.36688420247583403
BC,BC5C,ENSMUSG00000008575,Nfib,0.35189103981094455
BC,BC5C,ENSMUSG00000058589,Anks1b,0.34396949229569607
BC,BC5C,ENSMUSG00000039037,St6galnac5,0.3290301056610366
BC,BC5C,ENSMUSG00000030206,Gsg1,0.3185678985056254
BC,BC5C,ENSMUSG00000042258,Isl1,0.3180667453763639
BC,BC5C,ENSMUSG00000028266,Lmo4,0.28251265686505417
BC,BC5C,ENSMUSG00000061353,Cxcl12,0.28108249653380396
BC,BC5C,ENSMUSG00000005649,Cabp5,-0.822058575457176
BC,BC5C,ENSMUSG00000029108,Pcdh7,-0.5929713211281359
BC,BC5C,ENSMUSG00000026610,Esrrg,-0.5526978575670497
BC,BC5C,ENSMUSG00000028565,Nfia,-0.5448517605971958
BC,BC5C,ENSMUSG00000022935,Grik1,-0.49350120424821087
BC,BC5C,ENSMUSG00000049001,Ndnf,-0.48070888591165883
BC,BC5C,ENSMUSG00000021098,4930447C04Rik,-0.4470571886709513
BC,BC5C,ENSMUSG00000064341,mt-Nd1,-0.42676856975432514
BC,BC5C,ENSMUSG00000041014,Nrg3,-0.4067545714813471
BC,BC5C,ENSMUSG00000031765,Mt1,-0.40569046613550647
BC,BC5C,ENSMUSG00000023267,Gabrr2,-0.400090167971036
BC,BC5C,ENSMUSG00000091537,Tma7,-0.37407753121886417
BC,BC5C,ENSMUSG00000036800,Fam135b,-0.3396233274004469
BC,BC5C,ENSMUSG00000021730,Hcn1,-0.3260690776581324
BC,BC5C,ENSMUSG00000055421,Pcdh9,-0.32405305098845877
BC,BC5C,ENSMUSG00000059857,Ntng1,-0.3230666691296178
BC,BC5C,ENSMUSG00000040430,Pitpnc1,-0.3204097047972619
BC,BC5C,ENSMUSG00000035131,Brinp3,-0.31394120016561583
BC,BC5C,ENSMUSG00000026527,Rgs7,-0.30925868350669294
BC,BC5C,ENSMUSG00000022876,Samsn1,-0.307335393377937
BC,BC5D,ENSMUSG00000032036,Kirrel3,0.904861077879205
BC,BC5D,ENSMUSG00000060780,Lrrtm1,0.7343534916811052
BC,BC5D,ENSMUSG00000027210,Meis2,0.6761024476517044
BC,BC5D,ENSMUSG00000029108,Pcdh7,0.4715292641010387
BC,BC5D,ENSMUSG00000041014,Nrg3,0.4556211519692372
BC,BC5D,ENSMUSG00000028565,Nfia,0.4276155368069583
BC,BC5D,ENSMUSG00000030206,Gsg1,0.36570761551406483
BC,BC5D,ENSMUSG00000021508,Cxcl14,0.34192750706482256
BC,BC5D,ENSMUSG00000060882,Kcnd2,0.3221596093780538
BC,BC5D,ENSMUSG00000019943,Atp2b1,0.3206940968067796
BC,BC5D,ENSMUSG00000046818,Ddit4l,0.30755683469507605
BC,BC5D,ENSMUSG00000025867,Cplx2,0.2874536168505923
BC,BC5D,ENSMUSG00000052551,Adarb2,0.27725508926598136
BC,BC5D,ENSMUSG00000028289,Epha7,0.25728317239733794
BC,BC5D,ENSMUSG00000028266,Lmo4,0.25004383082908316
BC,BC5D,ENSMUSG00000025386,Pde6g,0.23494594453781908
BC,BC5D,ENSMUSG00000027777,Schip1,0.2312217384662374
BC,BC5D,ENSMUSG00000026527,Rgs7,0.22790724473949903
BC,BC5D,ENSMUSG00000029663,Gngt1,0.22635607648617692
BC,BC5D,ENSMUSG00000036800,Fam135b,0.22484667699820945
BC,BC5D,ENSMUSG00000026163,Sphkap,-0.562720904369451
BC,BC5D,ENSMUSG00000004630,Pcp2,-0.5593549614382614
BC,BC5D,ENSMUSG00000000617,Grm6,-0.5114739894221261
BC,BC5D,ENSMUSG00000059203,Il1rapl2,-0.45417521241878567
BC,BC5D,ENSMUSG00000052613,Pcdh15,-0.4529317512383107
BC,BC5D,ENSMUSG00000051910,Sox6,-0.4528217773671791
BC,BC5D,ENSMUSG00000025739,Gng13,-0.4245880625722491
BC,BC5D,ENSMUSG00000021337,Scgn,-0.39051651068113696
BC,BC5D,ENSMUSG00000022935,Grik1,-0.3743149718631701
BC,BC5D,ENSMUSG00000078591,Hs3st4,-0.3678680158341838
BC,BC5D,ENSMUSG00000023267,Gabrr2,-0.3448104389641108
BC,BC5D,ENSMUSG00000052920,Prkg1,-0.3243284171890943
BC,BC5D,ENSMUSG00000079523,Tmsb10,-0.31979033642828697
BC,BC5D,ENSMUSG00000090223,Pcp4,-0.3082834931218289
BC,BC5D,ENSMUSG00000031765,Mt1,-0.2935440156572452
BC,BC5D,ENSMUSG00000045103,Dmd,-0.2824858189069813
BC,BC5D,ENSMUSG00000054640,Slc8a1,-0.269805017063322
BC,BC5D,ENSMUSG00000031561,Tenm3,-0.26962671017722684
BC,BC5D,ENSMUSG00000023439,Gnb3,-0.24708865099688057
BC,BC5D,ENSMUSG00000029088,Kcnip4,-0.24673054975497966
BC,BC6,ENSMUSG00000033278,Ptprm,1.2435371106576754
BC,BC6,ENSMUSG00000032532,Cck,0.7167005656557834
BC,BC6,ENSMUSG00000047161,Chst9,0.6935073706964138
BC,BC6,ENSMUSG00000071424,Grid2,0.6474677560197091
BC,BC6,ENSMUSG00000024084,Qpct,0.642193857330344
BC,BC6,ENSMUSG00000046402,Rbp1,0.6205137136041059
BC,BC6,ENSMUSG00000022025,Cnmd,0.5991910413994741
BC,BC6,ENSMUSG00000038370,Pcp4l1,0.5891182063344867
BC,BC6,ENSMUSG00000023439,Gnb3,0.5763240831557185
BC,BC6,ENSMUSG00000037940,Inpp4b,0.5574935672981157
BC,BC6,ENSMUSG00000021337,Scgn,0.5460898431640402
BC,BC6,ENSMUSG00000050711,Scg2,0.5377339329376751
BC,BC6,ENSMUSG00000030523,Trpm1,0.4907242216059198
BC,BC6,ENSMUSG00000058571,Gpc6,0.4859664500747444
BC,BC6,ENSMUSG00000110625,5033426E14Rik,0.48525944069501703
BC,BC6,ENSMUSG00000019888,Mgat4c,0.47002345035048393
BC,BC6,ENSMUSG00000039672,Kcne2,0.46385840788143656
BC,BC6,ENSMUSG00000029769,Ccdc136,0.4432186993438988
BC,BC6,ENSMUSG00000039706,Ldb2,0.43610358352261275
BC,BC6,ENSMUSG00000000751,Rpa1,0.4324239653695722
BC,BC6,ENSMUSG00000064293,Cntn4,-1.3953343536367722
BC,BC6,ENSMUSG00000049252,Lrp1b,-1.2456934562051183
BC,BC6,ENSMUSG00000029108,Pcdh7,-0.997959651975889
BC,BC6,ENSMUSG00000002985,Apoe,-0.8409297088122039
BC,BC6,ENSMUSG00000052551,Adarb2,-0.8056640216931117
BC,BC6,ENSMUSG00000090223,Pcp4,-0.7910701263359192
BC,BC6,ENSMUSG00000070695,Cntnap5a,-0.7770060449118158
BC,BC6,ENSMUSG00000049775,Tmsb4x,-0.7609804970740508
BC,BC6,ENSMUSG00000063887,Nlgn1,-0.7301049437201415
BC,BC6,ENSMUSG00000004630,Pcp2,-0.6946219121379098
BC,BC6,ENSMUSG00000027447,Cst3,-0.6887241003530286
BC,BC6,ENSMUSG00000030092,Cntn6,-0.6677747861334037
BC,BC6,ENSMUSG00000026473,Glul,-0.6605608175330285
BC,BC6,ENSMUSG00000064341,mt-Nd1,-0.6587783458920852
BC,BC6,ENSMUSG00000031765,Mt1,-0.6562192942159976
BC,BC6,ENSMUSG00000028832,Stmn1,-0.631143455099819
BC,BC6,ENSMUSG00000052920,Prkg1,-0.6123394395129274
BC,BC6,ENSMUSG00000027827,Kcnab1,-0.594904427847003
BC,BC6,ENSMUSG00000050321,Neto1,-0.594504983846838
BC,BC6,ENSMUSG00000054728,Phactr1,-0.5716289031304609
BC,BC7,ENSMUSG00000033080,Vsx1,0.812355993619328
BC,BC7,ENSMUSG00000051985,Igfn1,0.7048276838791188
BC,BC7,ENSMUSG00000046159,Chrm3,0.6614742987957776
BC,BC7,ENSMUSG00000059203,Il1rapl2,0.6338890302989483
BC,BC7,ENSMUSG00000041540,Sox5,0.5561062816572604
BC,BC7,ENSMUSG00000021536,Adcy2,0.4687388383271804
BC,BC7,ENSMUSG00000004630,Pcp2,0.46869932444863976
BC,BC7,ENSMUSG00000026193,Fn1,0.46596352532198315
BC,BC7,ENSMUSG00000025370,Cdh9,0.45501561721348144
BC,BC7,ENSMUSG00000078591,Hs3st4,0.4540857675840887
BC,BC7,ENSMUSG00000079523,Tmsb10,0.43025897897848575
BC,BC7,ENSMUSG00000056296,Synpr,0.3626427859634219
BC,BC7,ENSMUSG00000049001,Ndnf,0.36240473541119134
BC,BC7,ENSMUSG00000058056,Palld,0.3495505612809955
BC,BC7,ENSMUSG00000032456,Nmnat3,0.34811933787769656
BC,BC7,ENSMUSG00000059810,Rgs3,0.3444344959383092
BC,BC7,ENSMUSG00000040364,Sec1,0.33821287527045
BC,BC7,ENSMUSG00000087278,A930006I01Rik,0.3364963416959316
BC,BC7,ENSMUSG00000027827,Kcnab1,0.3198943133380131
BC,BC7,ENSMUSG00000055421,Pcdh9,0.3100782807820685
BC,BC7,ENSMUSG00000039488,Cntn5,-1.093903911025916
BC,BC7,ENSMUSG00000005649,Cabp5,-0.8648251538234
BC,BC7,ENSMUSG00000049252,Lrp1b,-0.7720098882067072
BC,BC7,ENSMUSG00000052305,Hbb-bs,-0.6183071845107821
BC,BC7,ENSMUSG00000054640,Slc8a1,-0.5990408163142389
BC,BC7,ENSMUSG00000052551,Adarb2,-0.587913708129676
BC,BC7,ENSMUSG00000059857,Ntng1,-0.5511457986526893
BC,BC7,ENSMUSG00000069919,Hba-a1,-0.5489212593337859
BC,BC7,ENSMUSG00000069917,Hba-a2,-0.5347769822488705
BC,BC7,ENSMUSG00000090223,Pcp4,-0.5215754774195589
BC,BC7,ENSMUSG00000038811,Gngt2,-0.5112148213484462
BC,BC7,ENSMUSG00000045103,Dmd,-0.5019082624628577
BC,BC7,ENSMUSG00000028565,Nfia,-0.5018445100087556
BC,BC7,ENSMUSG00000029663,Gngt1,-0.4911007386223944
BC,BC7,ENSMUSG00000048015,Neurod4,-0.46925581691017537
BC,BC7,ENSMUSG00000027562,Car2,-0.44050186540560154
BC,BC7,ENSMUSG00000028266,Lmo4,-0.43411035089343214
BC,BC7,ENSMUSG00000030523,Trpm1,-0.4326805063288323
BC,BC7,ENSMUSG00000028289,Epha7,-0.4305782931981562
BC,BC7,ENSMUSG00000057132,Rpgrip1,-0.42905821115695647
BC,BC8,ENSMUSG00000022311,Csmd3,0.9540929522648016
BC,BC8,ENSMUSG00000029108,Pcdh7,0.7607074545485267
BC,BC8,ENSMUSG00000054162,Spock3,0.5891860045292036
BC,BC8,ENSMUSG00000110246,C130073E24Rik,0.5572347869402112
BC,BC8,ENSMUSG00000049252,Lrp1b,0.5199317858881323
BC,BC8,ENSMUSG00000051177,Plcb1,0.48682501922572863
BC,BC8,ENSMUSG00000021010,Npas3,0.4624149149140374
BC,BC8,ENSMUSG00000049336,Tenm2,0.4546951354201381
BC,BC8,ENSMUSG00000028832,Stmn1,0.44125457575970667
BC,BC8,ENSMUSG00000038418,Egr1,0.43963359102959776
BC,BC8,ENSMUSG00000062991,Nrg1_ENSMUSG00000062991,0.4001915992454354
BC,BC8,ENSMUSG00000110375,Gm45323,0.3989937266344818
BC,BC8,ENSMUSG00000032456,Nmnat3,0.3790050281349377
BC,BC8,ENSMUSG00000052551,Adarb2,0.3781172694960859
BC,BC8,ENSMUSG00000039419,Cntnap2,0.3754775438608675
BC,BC8,ENSMUSG00000087203,Gm13986,0.36591014470566186
BC,BC8,ENSMUSG00000026748,Plxdc2,0.33364434093099493
BC,BC8,ENSMUSG00000052920,Prkg1,0.3014281144094513
BC,BC8,ENSMUSG00000024544,Ldlrad4,0.29900752258499497
BC,BC8,ENSMUSG00000024857,Cabp2,0.28208077593103026
BC,BC8,ENSMUSG00000027827,Kcnab1,-0.7368615974134293
BC,BC8,ENSMUSG00000021337,Scgn,-0.5598584023587168
BC,BC8,ENSMUSG00000016150,Tenm1,-0.5594773723995571
BC,BC8,ENSMUSG00000064341,mt-Nd1,-0.5587196202150387
BC,BC8,ENSMUSG00000030270,Cpne9,-0.5514394956181986
BC,BC8,ENSMUSG00000092094,Zfp804b,-0.5508920590744445
BC,BC8,ENSMUSG00000032036,Kirrel3,-0.5075172447778747
BC,BC8,ENSMUSG00000031558,Slit2,-0.5056889798199059
BC,BC8,ENSMUSG00000059857,Ntng1,-0.45690543686235946
BC,BC8,ENSMUSG00000005649,Cabp5,-0.4539916879231561
BC,BC8,ENSMUSG00000090223,Pcp4,-0.4321187854532971
BC,BC8,ENSMUSG00000050711,Scg2,-0.41674963909456814
BC,BC8,ENSMUSG00000004630,Pcp2,-0.40006176905363133
BC,BC8,ENSMUSG00000055421,Pcdh9,-0.3912455875480426
BC,BC8,ENSMUSG00000036510,Cdh8,-0.37356658740001286
BC,BC8,ENSMUSG00000026163,Sphkap,-0.3526466876542229
BC,BC8,ENSMUSG00000059187,Tafa1,-0.34432408542732357
BC,BC8,ENSMUSG00000058571,Gpc6,-0.32383356277467645
BC,BC8,ENSMUSG00000074505,Fat3,-0.321339280159847
BC,BC8,ENSMUSG00000021098,4930447C04Rik,-0.31967328101483483
BC,BC9,ENSMUSG00000030270,Cpne9,0.8206723691477085
BC,BC9,ENSMUSG00000016150,Tenm1,0.5962485662474922
BC,BC9,ENSMUSG00000049252,Lrp1b,0.5355550629868137
BC,BC9,ENSMUSG00000034755,Pcdh11x,0.4546106983202811
BC,BC9,ENSMUSG00000047907,Tshz2,0.42935412484242075
BC,BC9,ENSMUSG00000027827,Kcnab1,0.39537529954706385
BC,BC9,ENSMUSG00000059187,Tafa1,0.39374669061676215
BC,BC9,ENSMUSG00000038811,Gngt2,0.37935857500634185
BC,BC9,ENSMUSG00000057132,Rpgrip1,0.3162475498070337
BC,BC9,ENSMUSG00000059146,Ntrk3,0.3150730297983516
BC,BC9,ENSMUSG00000032036,Kirrel3,0.2870007617253897
BC,BC9,ENSMUSG00000052551,Adarb2,0.26961201624039943
BC,BC9,ENSMUSG00000108600,Gm32884,0.22602213760322007
BC,BC9,ENSMUSG00000027350,Chgb,0.22236750547196021
BC,BC9,ENSMUSG00000037492,Zmat4,0.21155658552471662
BC,BC9,ENSMUSG00000074415,Mir100hg,0.21081292457029133
BC,BC9,ENSMUSG00000040452,Cdh12,0.19623717797911197
BC,BC9,ENSMUSG00000063626,Unc5d,0.1936846727915887
BC,BC9,ENSMUSG00000021676,Iqgap2,0.18920518872718983
BC,BC9,ENSMUSG00000049148,Plcxd3,0.18845296518413174
BC,BC9,ENSMUSG00000049336,Tenm2,-0.5834062450018186
BC,BC9,ENSMUSG00000022311,Csmd3,-0.47718559882790257
BC,BC9,ENSMUSG00000110246,C130073E24Rik,-0.4283331044019145
BC,BC9,ENSMUSG00000029108,Pcdh7,-0.4129507252541201
BC,BC9,ENSMUSG00000045103,Dmd,-0.403905023674094
BC,BC9,ENSMUSG00000031561,Tenm3,-0.34797464440512615
BC,BC9,ENSMUSG00000028525,Pde4b,-0.33378084685630216
BC,BC9,ENSMUSG00000037940,Inpp4b,-0.33077582088347707
BC,BC9,ENSMUSG00000048015,Neurod4,-0.3139804781559497
BC,BC9,ENSMUSG00000054162,Spock3,-0.29394790314142594
BC,BC9,ENSMUSG00000021730,Hcn1,-0.28785517191157617
BC,BC9,ENSMUSG00000021991,Cacna2d3,-0.2512787763669912
BC,BC9,ENSMUSG00000027562,Car2,-0.2506654851142107
BC,BC9,ENSMUSG00000030428,Ttyh1,-0.2477051152295603
BC,BC9,ENSMUSG00000021337,Scgn,-0.24026264307191889
BC,BC9,ENSMUSG00000070866,Zfp804a,-0.23271750138031425
BC,BC9,ENSMUSG00000110375,Gm45323,-0.22755084967912378
BC,BC9,ENSMUSG00000039419,Cntnap2,-0.22429949680986594
BC,BC9,ENSMUSG00000090223,Pcp4,-0.22196145668022077
BC,BC9,ENSMUSG00000071424,Grid2,-0.21958221558332805
BC,RBC,ENSMUSG00000090223,Pcp4,1.021587799461983
BC,RBC,ENSMUSG00000064293,Cntn4,0.9487285478037641
BC,RBC,ENSMUSG00000004630,Pcp2,0.8341868431394193
BC,RBC,ENSMUSG00000050965,Prkca,0.7654033662296309
BC,RBC,ENSMUSG00000039629,Strip2,0.5330559680249595
BC,RBC,ENSMUSG00000035283,Adrb1,0.5298016719056844
BC,RBC,ENSMUSG00000030523,Trpm1,0.45192175701323656
BC,RBC,ENSMUSG00000027350,Chgb,0.43469063722037776
BC,RBC,ENSMUSG00000035274,Tpbg,0.40560451793129126
BC,RBC,ENSMUSG00000041261,Car8,0.39167216390965814
BC,RBC,ENSMUSG00000020728,Cep112,0.35804268530491745
BC,RBC,ENSMUSG00000085794,Vax2os,0.3510791386956462
BC,RBC,ENSMUSG00000020151,Ptprr,0.3266454468894354
BC,RBC,ENSMUSG00000022514,Il1rap,0.3170529818636311
BC,RBC,ENSMUSG00000030092,Cntn6,0.31298223791483676
BC,RBC,ENSMUSG00000115398,Gm534,0.3069122468111682
BC,RBC,ENSMUSG00000070337,Gpr179,0.30067470098121013
BC,RBC,ENSMUSG00000028525,Pde4b,0.29057429022480064
BC,RBC,ENSMUSG00000031530,Dusp4,0.2873345898523718
BC,RBC,ENSMUSG00000034040,Galnt17,0.2870770184473349
BC,RBC,ENSMUSG00000052305,Hbb-bs,-1.176575018990012
BC,RBC,ENSMUSG00000069919,Hba-a1,-0.9777712716348009
BC,RBC,ENSMUSG00000069917,Hba-a2,-0.9156081627002725
BC,RBC,ENSMUSG00000021337,Scgn,-0.7234845306370257
BC,RBC,ENSMUSG00000027562,Car2,-0.6049652864888817
BC,RBC,ENSMUSG00000025255,Zfhx4,-0.603201262168004
BC,RBC,ENSMUSG00000073940,Hbb-bt,-0.5928942163880017
BC,RBC,ENSMUSG00000026473,Glul,-0.5727685049387029
BC,RBC,ENSMUSG00000034701,Neurod1,-0.564687519677752
BC,RBC,ENSMUSG00000026163,Sphkap,-0.5392322880200724
BC,RBC,ENSMUSG00000031558,Slit2,-0.5339416783249655
BC,RBC,ENSMUSG00000022876,Samsn1,-0.5326705279612994
BC,RBC,ENSMUSG00000033278,Ptprm,-0.5278577866815114
BC,RBC,ENSMUSG00000092094,Zfp804b,-0.5160338802674983
BC,RBC,ENSMUSG00000055865,Tafa3,-0.5031974826555943
BC,RBC,ENSMUSG00000002985,Apoe,-0.49759861680455986
BC,RBC,ENSMUSG00000033080,Vsx1,-0.46777457232851527
BC,RBC,ENSMUSG00000092083,Kcnb2,-0.4542180477212983
BC,RBC,ENSMUSG00000027447,Cst3,-0.44201332909609264
BC,RBC,ENSMUSG00000024063,Lbh,-0.4403519456145253
